[
    {
      "id": 2,
      "priority": 1,
      "action": {
        "type": "block"
      },
      "condition": {
        "urlFilter": "example.com",
        "resourceTypes": ["main_frame"]
      }
    },
    {
      "id": 3,
      "priority": 1,
      "action": {
        "type": "block"
      },
      "condition": {
        "urlFilter": "malicious.com",
        "resourceTypes": ["main_frame"]
      }
    },
    {
      "id": 4,
      "priority": 1,
      "action": {
        "type": "block"
      },
      "condition": {
        "urlFilter": "phishing-site.com",
        "resourceTypes": ["main_frame"]
      }
    }
  ]
  
  